{"i":250,"val_loss_history":[3.0053143501282],"val_loss_history_it":[250],"forward_backward_times":{},"opt":{"max_epochs":50,"checkpoint_every":1000,"batch_size":50,"memory_benchmark":0,"init_from":"","grad_clip":5,"model_type":"lstm","lr_decay_every":5,"print_every":1,"wordvec_size":64,"seq_length":50,"input_json":"my_data.json","num_layers":2,"input_h5":"my_data.h5","reset_iterations":1,"rnn_size":128,"dropout":0,"checkpoint_name":"cv\/checkpoint","batchnorm":0,"learning_rate":0.002,"speed_benchmark":0,"gpu_backend":"cuda","lr_decay_factor":0.5,"gpu":-1},"train_loss_history":[4.4025282859802,4.3385038375854,4.2427086830139,4.0875544548035,3.9740331172943,3.8318428993225,3.7951898574829,3.7073085308075,3.626336812973,3.5830633640289,3.580251455307,3.5900394916534,3.5667545795441,3.5292780399323,3.4854292869568,3.5210633277893,3.5099303722382,3.4966948032379,3.45671916008,3.4258553981781,3.4554405212402,3.4516522884369,3.4392218589783,3.3942034244537,3.368711233139,3.3910937309265,3.395432472229,3.3866820335388,3.3244132995605,3.321503162384,3.3432269096375,3.3482203483582,3.325156211853,3.2642986774445,3.2793211936951,3.2884664535522,3.2912516593933,3.2698669433594,3.205442905426,3.2315502166748,3.2341697216034,3.2351584434509,3.2144823074341,3.1430647373199,3.1789090633392,3.1876473426819,3.186888217926,3.1750087738037,3.1145834922791,3.1463413238525,3.1536958217621,3.151971578598,3.1445529460907,3.0805852413177,3.1177215576172,3.1214506626129,3.1227114200592,3.1113059520721,3.0435471534729,3.0897967815399,3.0909602642059,3.0892975330353,3.0790493488312,3.0090253353119,3.0603384971619,3.0598812103271,3.0568270683289,3.0460686683655,2.9752461910248,3.030606508255,3.0329854488373,3.0315251350403,3.0256593227386,2.9588446617126,3.0117073059082,3.0146028995514,3.0119893550873,3.0077300071716,2.9400708675385,2.9957401752472,2.9975361824036,2.9947402477264,2.9911026954651,2.9219679832458,2.9798135757446,2.9806776046753,2.9768340587616,2.9729933738708,2.9034214019775,2.9643485546112,2.9641673564911,2.959285736084,2.9556360244751,2.884857416153,2.9477064609528,2.950056552887,2.9458994865417,2.9454674720764,2.8764886856079,2.9376378059387,2.9400036334991,2.9356064796448,2.9361555576324,2.8669428825378,2.9290356636047,2.9315807819366,2.9267830848694,2.9274213314056,2.8573184013367,2.9208188056946,2.9226953983307,2.9175519943237,2.9182760715485,2.8480610847473,2.9126093387604,2.9140872955322,2.9083952903748,2.90931391716,2.8384344577789,2.9042239189148,2.9068522453308,2.9016864299774,2.9043381214142,2.83407330513,2.8987190723419,2.9016213417053,2.8965501785278,2.8994832038879,2.8294489383698,2.8945908546448,2.8974235057831,2.8918180465698,2.8949310779572,2.8245716094971,2.8903694152832,2.8931550979614,2.887243270874,2.8903965950012,2.8197438716888,2.8861801624298,2.8887412548065,2.8825981616974,2.8858172893524,2.8149828910828,2.8819854259491,2.885044336319,2.8791778087616,2.8833742141724,2.8127522468567,2.8790507316589,2.8823571205139,2.8766644001007,2.8809659481049,2.8104462623596,2.8770027160645,2.880185842514,2.8742613792419,2.8786087036133,2.8080470561981,2.8749406337738,2.8780698776245,2.8719162940979,2.8762903213501,2.8056170940399,2.8728406429291,2.8759241104126,2.8695969581604,2.8739967346191,2.8031919002533,2.8707377910614,2.8740861415863,2.8678822517395,2.8727622032166,2.8020730018616,2.8692245483398,2.8727171421051,2.8666460514069,2.8715977668762,2.800931930542,2.8681738376617,2.8715987205505,2.8654475212097,2.8704195022583,2.799745798111,2.8671479225159,2.8705177307129,2.8642692565918,2.8692529201508,2.7985343933105,2.8661110401154,2.8694562911987,2.8630964756012,2.868091583252,2.7973127365112,2.8650629520416,2.868546962738,2.8622329235077,2.8674690723419,2.7967414855957,2.8642992973328,2.8678665161133,2.8616247177124,2.8668994903564,2.7961723804474,2.8637652397156,2.8673055171967,2.8610320091248,2.8663172721863,2.7955768108368,2.863246679306,2.8667623996735,2.8604373931885,2.8657295703888,2.794970035553,2.8627288341522,2.8662257194519,2.8598515987396,2.865142583847,2.7943677902222,2.8622145652771,2.8657741546631,2.859415769577,2.8648281097412,2.7940821647644,2.8618350028992,2.8654358386993,2.85910987854,2.864545583725,2.7937934398651,2.8615598678589,2.8651595115662,2.8588166236877,2.8642561435699,2.7934939861298,2.8613014221191,2.8648841381073,2.8585186004639,2.8639621734619,2.7931931018829,2.8610374927521,2.8646132946014,2.8582229614258,2.8636684417725,2.7928926944733,2.8607895374298,2.8643889427185,2.8580071926117,2.863513469696,2.7927448749542,2.8605916500092],"memory_usage":{}}