{"i":1000,"val_loss_history":[1.7332879223607],"val_loss_history_it":[1000],"forward_backward_times":{},"opt":{"max_epochs":50,"checkpoint_every":1000,"batch_size":50,"memory_benchmark":0,"init_from":"","grad_clip":5,"model_type":"lstm","lr_decay_every":5,"print_every":1,"wordvec_size":64,"seq_length":50,"input_json":"data\/tiny_shakespeare.json","num_layers":2,"input_h5":"data\/tiny_shakespeare.h5","reset_iterations":1,"rnn_size":128,"dropout":0,"checkpoint_name":"cv\/checkpoint","batchnorm":0,"learning_rate":0.002,"speed_benchmark":0,"gpu_backend":"cuda","lr_decay_factor":0.5,"gpu":-1},"train_loss_history":[4.2013626098633,4.1115493774414,4.0042161941528,3.8623461723328,3.6971170902252,3.5820770263672,3.4627628326416,3.4459807872772,3.3587944507599,3.3936395645142,3.3989992141724,3.3302600383759,3.4130058288574,3.3192889690399,3.3270335197449,3.3125574588776,3.2814049720764,3.2929379940033,3.2542333602905,3.2891047000885,3.2753953933716,3.3191995620728,3.2891280651093,3.2712752819061,3.3000235557556,3.2299199104309,3.2676246166229,3.2303276062012,3.1755151748657,3.2276759147644,3.1602516174316,3.1762290000916,3.0982737541199,3.1383173465729,3.0985798835754,3.1577858924866,3.1176903247833,3.1160039901733,3.0668551921844,3.0197365283966,2.9889121055603,2.9769108295441,3.012211561203,2.9734301567078,3.0013055801392,2.9594633579254,2.9318301677704,2.936539888382,2.9276537895203,2.8838057518005,2.8434779644012,2.834415435791,2.8529372215271,2.8321845531464,2.7345459461212,2.7661325931549,2.7383728027344,2.767076253891,2.7527976036072,2.7293219566345,2.7221279144287,2.6780576705933,2.6604039669037,2.6952083110809,2.63449883461,2.6487576961517,2.6419064998627,2.6381468772888,2.6259684562683,2.6486830711365,2.6298229694366,2.5596141815186,2.5423054695129,2.5677614212036,2.5520527362823,2.5211887359619,2.5503141880035,2.5004329681396,2.571763753891,2.5113933086395,2.5247967243195,2.5159769058228,2.4977359771729,2.5027031898499,2.520366191864,2.5226490497589,2.4458484649658,2.5089657306671,2.4522926807404,2.4557979106903,2.4436876773834,2.4597065448761,2.3983578681946,2.4250204563141,2.4405734539032,2.452846288681,2.4576411247253,2.3559200763702,2.4026024341583,2.4107267856598,2.4062371253967,2.3770778179169,2.3466305732727,2.3909401893616,2.3578414916992,2.3986592292786,2.4001376628876,2.3052055835724,2.3113520145416,2.3415682315826,2.3420007228851,2.4014959335327,2.3986814022064,2.3227627277374,2.3713533878326,2.3273963928223,2.404491186142,2.3003203868866,2.3279256820679,2.3133509159088,2.2982566356659,2.3047022819519,2.3212811946869,2.3221964836121,2.3354213237762,2.2973208427429,2.3091716766357,2.3155167102814,2.2773287296295,2.2601082324982,2.279798746109,2.2846739292145,2.3040654659271,2.2717552185059,2.2560224533081,2.2928493022919,2.2885363101959,2.2617204189301,2.2601225376129,2.2519392967224,2.28275847435,2.2765924930573,2.3361971378326,2.2885990142822,2.2175877094269,2.2712621688843,2.2266609668732,2.2632489204407,2.2616817951202,2.2490119934082,2.2362787723541,2.2557220458984,2.2445657253265,2.2557101249695,2.223598241806,2.2470388412476,2.2206914424896,2.2155733108521,2.2416255474091,2.2408602237701,2.2360193729401,2.243007183075,2.2153918743134,2.2216036319733,2.1678779125214,2.2100818157196,2.1753878593445,2.1895146369934,2.1849975585938,2.1699318885803,2.1931331157684,2.1682443618774,2.2275071144104,2.2046856880188,2.2232642173767,2.2132461071014,2.1765029430389,2.1689925193787,2.2140970230103,2.173525094986,2.1757202148438,2.1899225711823,2.1496911048889,2.1717178821564,2.1265504360199,2.1362342834473,2.1444301605225,2.1712229251862,2.1498384475708,2.1650156974792,2.1746518611908,2.1599707603455,2.1735918521881,2.1024820804596,2.1348094940186,2.129855632782,2.1379096508026,2.120187997818,2.0773003101349,2.1257071495056,2.0943763256073,2.0984151363373,2.0855429172516,2.1907970905304,2.0883877277374,2.1574597358704,2.1718957424164,2.074568271637,2.1089272499084,2.1435914039612,2.1280846595764,2.0743036270142,2.0797870159149,2.082258939743,2.1237468719482,2.1514482498169,2.1128756999969,2.0966801643372,2.1584801673889,2.164368391037,2.1210558414459,2.0337533950806,2.0972781181335,2.0694184303284,2.081062078476,2.0932846069336,2.1577482223511,2.1133253574371,2.0728604793549,2.085755109787,2.0626583099365,2.0932784080505,2.0451762676239,2.0739653110504,2.0733640193939,2.0697386264801,2.06525349617,2.0546319484711,2.0339436531067,2.0613236427307,2.0420129299164,2.0468583106995,2.0619308948517,2.0260901451111,2.1026368141174,2.0365169048309,2.0626673698425,2.032731294632,2.0603103637695,2.0678827762604,2.1219823360443,2.0919172763824,2.0745520591736,2.0509822368622,2.0683944225311,2.0621144771576,2.0488557815552,2.0613634586334,2.0589687824249,2.0357077121735,2.0363581180573,2.0659396648407,2.0691733360291,1.9960941076279,2.0496990680695,2.0212602615356,2.0124576091766,2.0421710014343,2.0107748508453,2.0428676605225,2.0283169746399,2.0340738296509,2.0502331256866,2.0256206989288,2.0603034496307,2.0365092754364,2.0212852954865,2.0239372253418,2.0117526054382,2.0068979263306,1.9903604984283,1.9994238615036,1.9928104877472,2.0295712947845,2.003280878067,2.0224595069885,2.0128931999207,1.9998412132263,1.9971115589142,2.0125398635864,2.0153558254242,1.9760326147079,1.9576100111008,2.0043022632599,2.015163898468,1.9603650569916,1.9836822748184,1.9388302564621,2.0558717250824,1.9790927171707,2.0159587860107,2.005215883255,1.9698238372803,1.9715031385422,2.028510093689,2.008558511734,2.0190525054932,2.0239515304565,1.9785033464432,1.9880087375641,1.9804677963257,1.9624140262604,1.969085931778,1.9459925889969,1.9331140518188,1.9645568132401,1.9994119405746,1.9699482917786,1.9723222255707,1.9898564815521,1.9716380834579,1.9945228099823,1.9769155979156,1.9353804588318,1.9852135181427,1.9935492277145,1.960133433342,1.9516662359238,1.9337902069092,1.9464876651764,1.993403673172,1.9649214744568,2.0160944461823,1.9809184074402,1.9481235742569,1.9729199409485,1.945805311203,1.9928327798843,1.9204126596451,1.9382886886597,1.9732072353363,1.9274699687958,1.9100213050842,1.9982701539993,1.9161893129349,2.0202484130859,1.9328052997589,1.9401105642319,1.9478396177292,1.9347101449966,1.9318780899048,1.9314161539078,1.9292523860931,1.9824365377426,1.9283254146576,2.0038256645203,2.009596824646,1.895956993103,1.9301470518112,1.9046628475189,1.9613002538681,1.9089103937149,1.9356861114502,1.9090288877487,1.9405755996704,1.9334951639175,1.8960716724396,1.8889019489288,1.8892941474915,1.9198600053787,1.9786548614502,1.9683932065964,1.9114501476288,1.9113264083862,1.9118955135345,1.9051798582077,1.8845945596695,1.9013230800629,1.8751449584961,1.8575705289841,1.9341876506805,1.8743644952774,1.8746702671051,1.8606394529343,1.8723859786987,1.8998718261719,1.9055595397949,1.924595952034,1.8859091997147,1.9119724035263,1.861744761467,1.924262881279,1.9558515548706,1.9064375162125,1.8853257894516,1.8860949277878,1.8785568475723,1.826331615448,1.8439582586288,1.8549110889435,1.8697534799576,1.9179944992065,1.9111104011536,1.8909291028976,1.8655347824097,1.8777738809586,1.8455275297165,1.8857321739197,1.8652074337006,1.8591222763062,1.8513367176056,1.8486201763153,1.8656972646713,1.8635808229446,1.8593193292618,1.9500349760056,1.9136846065521,1.8361726999283,1.8767343759537,1.9158030748367,1.8486847877502,1.8722957372665,1.8644281625748,1.8755488395691,1.9083902835846,1.9142117500305,1.9354765415192,1.9154578447342,1.8730878829956,1.8567221164703,1.9108365774155,1.8917992115021,1.8699009418488,1.8201837539673,1.8692846298218,1.8835862874985,1.9015953540802,1.8925389051437,1.9307441711426,1.8658080101013,1.8838441371918,1.8949617147446,1.8217939138412,1.8596316576004,1.829155087471,1.8401747941971,1.8464676141739,1.8572639226913,1.8482140302658,1.8265209197998,1.8375939130783,1.8553463220596,1.8357523679733,1.7868407964706,1.812783241272,1.8725099563599,1.846378326416,1.8106514215469,1.7956842184067,1.7921396493912,1.8279215097427,1.8598146438599,1.841238617897,1.7723942995071,